CID,IUPAC name,InChI,temp,group,pKa
C617970,3-methylbenzenesulfonic acid,"InChI=1S/C7H8O3S/c1-6-3-2-4-7(5-6)11(8,9)10/h2-5H,1H3,(H,8,9,10)",36.0,H19,-6.56
C463569,thiocyanic acid,InChI=1S/CHNS/c2-1-3/h3H,25.0,H4,0.85
C5515355,2-(1-hydroxyethylidene)propanedinitrile,"InChI=1S/C5H4N2O/c1-4(8)5(2-6)3-7/h8H,1H3",25.0,H12,1.0
C3112467,"2-oxo-2-(2,4,6-trimethylphenyl)acetic acid","InChI=1S/C11H12O3/c1-6-4-7(2)9(8(3)5-6)10(12)11(13)14/h4-5H,1-3H3,(H,13,14)",25.0,H26,1.34
C38876674,2-bromo-6-nitrobenzoic acid,"InChI=1S/C7H4BrNO4/c8-4-2-1-3-5(9(12)13)6(4)7(10)11/h1-3H,(H,10,11)",25.0,H17,1.37
C151019,ethoxymethanedithioic acid,"InChI=1S/C3H6OS2/c1-2-4-3(5)6/h2H2,1H3,(H,5,6)",22.0,H12,1.79
C1199673,4-nitrobenzenesulfinic acid,"InChI=1S/C6H5NO4S/c8-7(9)5-1-3-6(4-2-5)12(10)11/h1-4H,(H,10,11)",25.0,H17,1.86
C6795922,3-chloroprop-2-ynoic acid,"InChI=1S/C3HClO2/c4-2-1-3(5)6/h(H,5,6)",25.0,H7,1.89
C89324436,"hexa-2,4-diynoic acid","InChI=1S/C6H4O2/c1-2-3-4-5-6(7)8/h1H3,(H,7,8)",25.0,H12,1.94
C99605,2-chloro-4-nitrobenzoic acid,"InChI=1S/C7H4ClNO4/c8-6-3-4(9(12)13)1-2-5(6)7(10)11/h1-3H,(H,10,11)",25.0,H17,1.96
C1321115,2-aminobenzoic acid,"InChI=1S/C7H7NO2/c8-6-4-2-1-3-5(6)7(9)10/h1-4H,8H2,(H,9,10)",23.0,H17,2.08
C204326318,4-chloro-3-hydroxy-2H-furan-5-one,"InChI=1S/C4H3ClO3/c5-3-2(6)1-8-4(3)7/h7H,1H2",25.0,H11,2.13
C2566349,2-methyl-2-(methylamino)propanoic acid,"InChI=1S/C5H11NO2/c1-5(2,6-3)4(7)8/h6H,1-3H3,(H,7,8)",24.9,H19,2.2
C5683318,3-trimethylsilylprop-2-ynoic acid,"InChI=1S/C6H10O2Si/c1-9(2,3)5-4-6(7)8/h1-3H3,(H,7,8)",25.0,H19,2.21
C552169,2-nitrobenzoic acid,"InChI=1S/C7H5NO4/c9-7(10)5-3-1-2-4-6(5)8(11)12/h1-4H,(H,9,10)",25.0,H17,2.23
C601990,2-hydroxy-6-nitrobenzoic acid,"InChI=1S/C7H5NO5/c9-5-3-1-2-4(8(12)13)6(5)7(10)11/h1-3,9H,(H,10,11)",25.0,H18,2.24
C637445,3-phenylprop-2-ynoic acid,"InChI=1S/C9H6O2/c10-9(11)7-6-8-4-2-1-3-5-8/h1-5H,(H,10,11)",25.0,H17,2.26
C6787468,1-hydroxy-1lambda5-phospholane 1-oxide,"InChI=1S/C4H9O2P/c5-7(6)3-1-2-4-7/h1-4H2,(H,5,6)",25.0,H16,2.51
C74893462,2-fluoroprop-2-enoic acid,"InChI=1S/C3H3FO2/c1-2(4)3(5)6/h1H2,(H,5,6)",25.0,H9,2.55
C1483676,hept-2-ynoic acid,"InChI=1S/C7H10O2/c1-2-3-4-5-6-7(8)9/h2-4H2,1H3,(H,8,9)",25.0,H19,2.61
C590932,but-2-ynoic acid,"InChI=1S/C4H4O2/c1-2-3-4(5)6/h1H3,(H,5,6)",25.0,H10,2.63
C80220957,hex-4-en-2-ynoic acid,"InChI=1S/C6H6O2/c1-2-3-4-5-6(7)8/h2-3H,1H3,(H,7,8)",25.0,H14,2.67
C90259317,2-bromo-6-methylbenzoic acid,"InChI=1S/C8H7BrO2/c1-5-3-2-4-6(9)7(5)8(10)11/h2-4H,1H3,(H,10,11)",20.0,H18,2.71
C769404,"2,3,5,6-tetrafluorobenzenethiol","InChI=1S/C6H2F4S/c7-2-1-3(8)5(10)6(11)4(2)9/h1,11H",25.0,H13,2.75
C40991342,"1,2-benzothiazole-3-carboxylic acid","InChI=1S/C8H5NO2S/c10-8(11)7-5-3-1-2-4-6(5)12-9-7/h1-4H,(H,10,11)",25.0,H17,2.76
C1975515,2-methyl-4-nitrobenzoic acid,"InChI=1S/C8H7NO4/c1-5-4-6(9(12)13)2-3-7(5)8(10)11/h2-4H,1H3,(H,10,11)",20.0,H20,2.91
C54045760,"2-bromo-1,3-thiazole-5-carboxylic acid","InChI=1S/C4H2BrNO2S/c5-4-6-1-2(9-4)3(7)8/h1H,(H,7,8)",25.0,H11,2.96
C594581,2-chloro-2-methylpropanoic acid,"InChI=1S/C4H7ClO2/c1-4(2,5)3(6)7/h1-2H3,(H,6,7)",18.0,H14,2.97
C2164616,pyridazine-3-carboxylic acid,"InChI=1S/C5H4N2O2/c8-5(9)4-2-1-3-6-7-4/h1-3H,(H,8,9)",,H13,3.0
C6967824,2-bromo-5-methylbenzoic acid,"InChI=1S/C8H7BrO2/c1-5-2-3-7(9)6(4-5)8(10)11/h2-4H,1H3,(H,10,11)",20.0,H18,3.0
C849067181,2-(acetylsulfamoyl)benzoic acid,"InChI=1S/C9H9NO5S/c1-6(11)10-16(14,15)8-5-3-2-4-7(8)9(12)13/h2-5H,1H3,(H,10,11)(H,12,13)",25.0,H25,3.1
C133232685,2-methyl-5-nitrobenzoic acid,"InChI=1S/C8H7NO4/c1-5-2-3-6(9(12)13)4-7(5)8(10)11/h2-4H,1H3,(H,10,11)",20.0,H20,3.17
C6345671,5-nitro-2-phenylsulfanylbenzoic acid,"InChI=1S/C13H9NO4S/c15-13(16)11-8-9(14(17)18)6-7-12(11)19-10-4-2-1-3-5-10/h1-8H,(H,15,16)",25.0,H28,3.22
C866320,dibutylphosphinic acid,"InChI=1S/C8H19O2P/c1-3-5-7-11(9,10)8-6-4-2/h3-8H2,1-2H3,(H,9,10)",25.0,H24,3.22
C632462,"2,6-dimethylbenzoic acid","InChI=1S/C9H10O2/c1-6-4-3-5-7(2)8(6)9(10)11/h3-5H,1-2H3,(H,10,11)",24.0,H21,3.23
C6319400,4-bromo-3-nitrobenzoic acid,"InChI=1S/C7H4BrNO4/c8-5-2-1-4(7(10)11)3-6(5)9(12)13/h1-3H,(H,10,11)",25.0,H17,3.24
C59337972,3-sulfamoylthiophene-2-carboxylic acid,"InChI=1S/C5H5NO4S2/c6-12(9,10)3-1-2-11-4(3)5(7)8/h1-2H,(H,7,8)(H2,6,9,10)",25.0,H17,3.3
C453714,4-fluoro-3-nitrobenzoic acid,"InChI=1S/C7H4FNO4/c8-5-2-1-4(7(10)11)3-6(5)9(12)13/h1-3H,(H,10,11)",25.0,H17,3.37
C32821753,2-methoxyprop-2-enoic acid,"InChI=1S/C4H6O3/c1-3(7-2)4(5)6/h1H2,2H3,(H,5,6)",25.0,H13,3.38
C77133278,4-methoxythiophene-2-carboxylic acid,"InChI=1S/C6H6O3S/c1-9-4-2-5(6(7)8)10-3-4/h2-3H,1H3,(H,7,8)",25.0,H16,3.41
C2604457,"2,3,5,6-tetramethylbenzoic acid","InChI=1S/C11H14O2/c1-6-5-7(2)9(4)10(8(6)3)11(12)13/h5H,1-4H3,(H,12,13)",25.0,H27,3.43
C6926494,5-[4-(2H-tetrazol-5-yl)phenyl]-2H-tetrazole,"InChI=1S/C8H6N8/c1-2-6(8-11-15-16-12-8)4-3-5(1)7-9-13-14-10-7/h1-4H,(H,9,10,13,14)(H,11,12,15,16)",20.0,H21,3.44
C50907330,3-(2H-tetrazol-5-yl)benzonitrile,"InChI=1S/C8H5N5/c9-5-6-2-1-3-7(4-6)8-10-12-13-11-8/h1-4H,(H,10,11,12,13)",20.0,H18,3.45
C90259351,2-ethoxy-6-methylbenzoic acid,"InChI=1S/C10H12O3/c1-3-13-8-6-4-5-7(2)9(8)10(11)12/h4-6H,3H2,1-2H3,(H,11,12)",20.0,H25,3.51
C4607389,2-hydroxy-2-phenylpropanoic acid,"InChI=1S/C9H10O3/c1-9(12,8(10)11)7-5-3-2-4-6-7/h2-6,12H,1H3,(H,10,11)",18.0,H22,3.53
C71515747,2-(2H-tetrazol-5-yl)benzonitrile,"InChI=1S/C8H5N5/c9-5-6-3-1-2-4-7(6)8-10-12-13-11-8/h1-4H,(H,10,11,12,13)",20.0,H18,3.55
C56917,4-(aminomethyl)benzoic acid,"InChI=1S/C8H9NO2/c9-5-6-1-3-7(4-2-6)8(10)11/h1-4H,5,9H2,(H,10,11)",20.0,H20,3.59
C14778291,"ethane-1,1,2,2-tetracarbonitrile",InChI=1S/C6H2N4/c7-1-5(2-8)6(3-9)4-10/h5-6H,,H11,3.6
C636760,3-sulfamoylbenzoic acid,"InChI=1S/C7H7NO4S/c8-13(11,12)6-3-1-2-5(4-6)7(9)10/h1-4H,(H,9,10)(H2,8,11,12)",25.0,H20,3.61
C85552,2-(4-methylbenzoyl)benzoic acid,"InChI=1S/C15H12O3/c1-10-6-8-11(9-7-10)14(16)12-4-2-3-5-13(12)15(17)18/h2-9H,1H3,(H,17,18)",25.0,H30,3.64
C168902349,4-methylthiophene-2-carboxylic acid,"InChI=1S/C6H6O2S/c1-4-2-5(6(7)8)9-3-4/h2-3H,1H3,(H,7,8)",25.0,H15,3.66
C50907465,5-(2-chlorophenyl)-2H-tetrazole,"InChI=1S/C7H5ClN4/c8-6-4-2-1-3-5(6)7-9-11-12-10-7/h1-4H,(H,9,10,11,12)",20.0,H17,3.69
C19182297,3-formylpyridine-2-carboxylic acid,"InChI=1S/C7H5NO3/c9-4-5-2-1-3-8-6(5)7(10)11/h1-4H,(H,10,11)",,H16,3.7
C603792,"2,3-dimethylbenzoic acid","InChI=1S/C9H10O2/c1-6-4-3-5-8(7(6)2)9(10)11/h3-5H,1-2H3,(H,10,11)",24.0,H21,3.73
C88971,2-carbamoylbenzoic acid,"InChI=1S/C8H7NO3/c9-7(10)5-3-1-2-4-6(5)8(11)12/h1-4H,(H2,9,10)(H,11,12)",25.0,H19,3.75
C102606337,2-ethylbenzoic acid,"InChI=1S/C9H10O2/c1-2-7-5-3-4-6-8(7)9(10)11/h3-6H,2H2,1H3,(H,10,11)",25.0,H21,3.79
C3440991,5-(3-bromophenyl)-2H-tetrazole,"InChI=1S/C7H5BrN4/c8-6-3-1-2-5(4-6)7-9-11-12-10-7/h1-4H,(H,9,10,11,12)",20.0,H17,3.82
C612204,2-(hydroxymethyl)benzoic acid,"InChI=1S/C8H8O3/c9-5-6-3-1-2-4-7(6)8(10)11/h1-4,9H,5H2,(H,10,11)",20.0,H19,3.84
C112868414,5-ethoxy-2-methylbenzoic acid,"InChI=1S/C10H12O3/c1-3-13-8-5-4-7(2)9(6-8)10(11)12/h4-6H,3H2,1-2H3,(H,11,12)",20.0,H25,3.86
C23384045,"N-(4-chlorophenyl)-1,1,1-trifluoromethanesulfonamide","InChI=1S/C7H5ClF3NO2S/c8-5-1-3-6(4-2-5)12-15(13,14)7(9,10)11/h1-4,12H",25.0,H16,3.9
C25567106,2-methylbenzoic acid,"InChI=1S/C8H8O2/c1-6-4-2-3-5-7(6)8(9)10/h2-5H,1H3,(H,9,10)",25.0,H18,3.92
C3739386,3-phenoxybenzoic acid,"InChI=1S/C13H10O3/c14-13(15)10-5-4-8-12(9-10)16-11-6-2-1-3-7-11/h1-9H,(H,14,15)",25.0,H26,3.95
C5732105,but-3-enoate,"InChI=1S/C4H4O2/c1-2-3-4(5)6/h3H,1H2,(H,5,6)",25.0,H10,3.96
C6336705,4-[(4-aminophenyl)sulfonylamino]benzoic acid,"InChI=1S/C13H12N2O4S/c14-10-3-7-12(8-4-10)20(18,19)15-11-5-1-9(2-6-11)13(16)17/h1-8,15H,14H2,(H,16,17)",25.0,H32,4.02
C127340378,thiophene-3-carboxylic acid,"InChI=1S/C5H4O2S/c6-5(7)4-1-2-8-3-4/h1-3H,(H,6,7)",23.0,H12,4.03
C594616,2-hydroxy-2-methylpropanoic acid,"InChI=1S/C4H8O3/c1-4(2,7)3(5)6/h7H,1-2H3,(H,5,6)",18.0,H15,4.04
C529759,2-methoxybenzoic acid,"InChI=1S/C8H8O3/c1-11-7-5-3-2-4-6(7)8(9)10/h2-5H,1H3,(H,9,10)",24.0,H19,4.05
C586389,3-methoxybenzoic acid,"InChI=1S/C8H8O3/c1-11-7-4-2-3-6(5-7)8(9)10/h2-5H,1H3,(H,9,10)",24.0,H19,4.06
C50685262,4-(cyanomethyl)benzoic acid,"InChI=1S/C9H7NO2/c10-6-5-7-1-3-8(4-2-7)9(11)12/h1-4H,5H2,(H,11,12)",25.0,H19,4.09
C1642815,4-(chloromethyl)benzoic acid,"InChI=1S/C8H7ClO2/c9-5-6-1-3-7(4-2-6)8(10)11/h1-4H,5H2,(H,10,11)",25.0,H18,4.13
C3780936,2-[(2-chloro-4-nitrophenyl)diazenyl]propanedinitrile,"InChI=1S/C9H4ClN5O2/c10-8-3-7(15(16)17)1-2-9(8)14-13-6(4-11)5-12/h1-3,6H",25.0,H21,4.15
C88550269,2-(hydroxymethyl)cyclobutene-1-carboxylic acid,"InChI=1S/C6H8O3/c7-3-4-1-2-5(4)6(8)9/h7H,1-3H2,(H,8,9)",25.0,H17,4.16
C621512,3-ethoxybenzoic acid,"InChI=1S/C9H10O3/c1-2-12-8-5-3-4-7(6-8)9(10)11/h3-6H,2H2,1H3,(H,10,11)",20.0,H22,4.17
C1123280,1-hydroxycyclohexane-1-carboxylic acid,"InChI=1S/C7H12O3/c8-6(9)7(10)4-2-1-3-5-7/h10H,1-5H2,(H,8,9)",25.0,H22,4.18
C134112,2-ethoxybenzoic acid,"InChI=1S/C9H10O3/c1-2-12-8-6-4-3-5-7(8)9(10)11/h3-6H,2H2,1H3,(H,10,11)",20.0,H22,4.18
C93094,naphthalene-2-carboxylic acid,"InChI=1S/C11H8O2/c12-11(13)10-6-5-8-3-1-2-4-9(8)7-10/h1-7H,(H,12,13)",25.0,H21,4.2
C6926518,5-(4-methoxyphenyl)-2H-tetrazole,"InChI=1S/C8H8N4O/c1-13-7-4-2-6(3-5-7)8-9-11-12-10-8/h2-5H,1H3,(H,9,10,11,12)",20.0,H18,4.23
C63635267,2-propan-2-yloxybenzoic acid,"InChI=1S/C10H12O3/c1-7(2)13-9-6-4-3-5-8(9)10(11)12/h3-7H,1-2H3,(H,11,12)",20.0,H25,4.24
C93351383,3-butoxybenzoic acid,"InChI=1S/C11H14O3/c1-2-3-7-14-10-6-4-5-9(8-10)11(12)13/h4-6,8H,2-3,7H2,1H3,(H,12,13)",20.0,H28,4.25
C5651478,3-propan-2-ylbenzoic acid,"InChI=1S/C10H12O2/c1-7(2)8-4-3-5-9(6-8)10(11)12/h3-7H,1-2H3,(H,11,12)",25.0,H24,4.27
C1129062,3-cyclopropylbenzoic acid,"InChI=1S/C10H10O2/c11-10(12)9-3-1-2-8(6-9)7-4-5-7/h1-3,6-7H,4-5H2,(H,11,12)",25.0,H22,4.28
C99047,3-methylbenzoic acid,"InChI=1S/C8H8O2/c1-6-3-2-4-7(5-6)8(9)10/h2-5H,1H3,(H,9,10)",24.0,H18,4.28
C25022553,di(propan-2-yl)carbamodithioic acid,"InChI=1S/C7H15NS2/c1-5(2)8(6(3)4)7(9)10/h5-6H,1-4H3,(H,9,10)",23.0,H25,4.3
C88550270,2-(methoxymethyl)cyclobutene-1-carboxylic acid,"InChI=1S/C7H10O3/c1-10-4-5-2-3-6(5)7(8)9/h2-4H2,1H3,(H,8,9)",25.0,H20,4.31
C61363711,3-hydroxy-2H-thiopyran-5-one,"InChI=1S/C5H6O2S/c6-4-1-5(7)3-8-2-4/h1,6H,2-3H2",,H14,4.34
C634979,1H-pyrrole-2-carboxylic acid,"InChI=1S/C5H5NO2/c7-5(8)4-2-1-3-6-4/h1-3,6H,(H,7,8)",20.0,H13,4.35
C723477,"4-amino-N-(5-methyl-1,2,4-oxadiazol-3-yl)benzenesulfonamide","InChI=1S/C9H10N4O3S/c1-6-11-9(12-16-6)13-17(14,15)8-4-2-7(10)3-5-8/h2-5H,10H2,1H3,(H,12,13)",,H18,4.4
C20044864,5-bromo-2-hydroxy-3-nitrobenzaldehyde,"InChI=1S/C7H4BrNO4/c8-5-1-4(3-10)7(11)6(2-5)9(12)13/h1-3,11H",25.0,H17,4.46
C30762006,4-(2-methylpropoxy)benzoic acid,"InChI=1S/C11H14O3/c1-8(2)7-14-10-5-3-9(4-6-10)11(12)13/h3-6,8H,7H2,1-2H3,(H,12,13)",25.0,H28,4.48
C103323973,4-ethoxy-2-methylbenzoic acid,"InChI=1S/C10H12O3/c1-3-13-8-4-5-9(10(11)12)7(2)6-8/h4-6H,3H2,1-2H3,(H,11,12)",20.0,H25,4.54
C15058727,"2,4-dimethylfuran-3-carboxylic acid","InChI=1S/C7H8O3/c1-4-3-10-5(2)6(4)7(8)9/h3H,1-2H3,(H,8,9)",20.0,H18,4.55
C13205464,4-propan-2-yloxybenzoic acid,"InChI=1S/C10H12O3/c1-7(2)13-9-5-3-8(4-6-9)10(11)12/h3-7H,1-2H3,(H,11,12)",20.0,H25,4.57
C873376024,4-amino-3-methyl-4-oxobutanoic acid,"InChI=1S/C5H9NO3/c1-3(5(6)9)2-4(7)8/h3H,2H2,1H3,(H2,6,9)(H,7,8)",25.0,H18,4.59
C5438197,4-propoxybenzoic acid,"InChI=1S/C10H12O3/c1-2-7-13-9-5-3-8(4-6-9)10(11)12/h3-6H,2,7H2,1H3,(H,11,12)",20.0,H25,4.63
C626982,pent-2-enoic acid,"InChI=1S/C5H8O2/c1-2-3-4-5(6)7/h3-4H,2H2,1H3,(H,6,7)",25.0,H15,4.69
C10375049,"ethene-1,1-diol","InChI=1S/C2H4O2/c1-2(3)4/h3-4H,1H2",23.0,H7,4.7
C6996925,benzeneseleninic acid,"InChI=1S/C6H6O2Se/c7-9(8)6-4-2-1-3-5-6/h1-5H,(H,7,8)",25.0,H15,4.79
C100043296,2H-tetrazole,"InChI=1S/CH2N4/c1-2-4-5-3-1/h1H,(H,2,3,4,5)",25.0,H6,4.84
C273392,"2H-triazolo[4,5-d]pyrimidine","InChI=1S/C4H3N5/c1-3-4(6-2-5-1)8-9-7-3/h1-2H,(H,5,6,7,8,9)",20.0,H11,4.88
C89123364,2-(carbamoylsulfamoyl)-N-methylacetamide,"InChI=1S/C4H9N3O4S/c1-6-3(8)2-12(10,11)7-4(5)9/h2H2,1H3,(H,6,8)(H3,5,7,9)",25.0,H15,4.89
C1885229,2-bromopropanedinitrile,InChI=1S/C3HBrN2/c4-3(1-5)2-6/h3H,25.0,H7,5.0
C75989,"2,2-dimethylpropanoic acid","InChI=1S/C5H10O2/c1-5(2,3)4(6)7/h1-3H3,(H,6,7)",23.0,H17,5.04
C69084033,"3,4,6-trichloro-2-(piperidin-1-ylmethyl)phenol","InChI=1S/C12H14Cl3NO/c13-9-6-10(14)12(17)8(11(9)15)7-16-4-2-1-3-5-16/h6,17H,1-5,7H2",25.0,H31,5.06
C79100713,4-benzylsulfonyl-2H-triazole,"InChI=1S/C9H9N3O2S/c13-15(14,9-6-10-12-11-9)7-8-4-2-1-3-5-8/h1-6H,7H2,(H,10,11,12)",23.0,H24,5.15
C52662665,"4-chloro-2,6-bis[(dimethylamino)methyl]phenol","InChI=1S/C12H19ClN2O/c1-14(2)7-9-5-11(13)6-10(12(9)16)8-15(3)4/h5-6,16H,7-8H2,1-4H3",25.0,H35,5.2
C67465263,propane-1-seleninic acid,"InChI=1S/C3H8O2Se/c1-2-3-6(4)5/h2-3H2,1H3,(H,4,5)",25.0,H14,5.25
C600408,"1,1-dinitroethane","InChI=1S/C2H4N2O4/c1-2(3(5)6)4(7)8/h2H,1H3",25.0,H9,5.28
C127731,N-[4-[(4-methylpyrimidin-2-yl)sulfamoyl]phenyl]acetamide,"InChI=1S/C13H14N4O3S/c1-9-7-8-14-13(15-9)17-21(19,20)12-5-3-11(4-6-12)16-10(2)18/h3-8H,1-2H3,(H,16,18)(H,14,15,17)",25.0,H24,5.46
C5858173,"3,4-dichlorobenzenethiol","InChI=1S/C6H4Cl2S/c7-5-2-1-4(9)3-6(5)8/h1-3,9H",25.0,H13,5.48
C6017476,2-[(2-methyl-4-nitrophenyl)diazenyl]propanedinitrile,"InChI=1S/C10H7N5O2/c1-7-4-9(15(16)17)2-3-10(7)14-13-8(5-11)6-12/h2-4,8H,1H3",25.0,H24,5.5
C6280280,5-propan-2-yl-2H-tetrazole,"InChI=1S/C4H8N4/c1-3(2)4-5-7-8-6-4/h3H,1-2H3,(H,5,6,7,8)",25.0,H16,5.55
C4636399,"4-hydroxycyclohepta-2,4,6-trien-1-one","InChI=1S/C7H6O2/c8-6-2-1-3-7(9)5-4-6/h1-5,8H",20.0,H15,5.64
C64276660,4-methyl-1H-pyrrole-3-carboxylic acid,"InChI=1S/C6H7NO2/c1-4-2-7-3-5(4)6(8)9/h2-3,7H,1H3,(H,8,9)",,H16,5.65
C112989114,"1,4a-dimethyl-7-propan-2-yl-2,3,4,9,10,10a-hexahydrophenanthrene-1-carboxylic acid","InChI=1S/C20H28O2/c1-13(2)14-6-8-16-15(12-14)7-9-17-19(16,3)10-5-11-20(17,4)18(21)22/h6,8,12-13,17H,5,7,9-11H2,1-4H3,(H,21,22)",20.0,H43,5.7
C2977733,2-[(dimethylamino)methyl]-4-nitrophenol,"InChI=1S/C9H12N2O3/c1-10(2)6-7-5-8(11(13)14)3-4-9(7)12/h3-5,12H,6H2,1-2H3",25.0,H26,5.75
C12770977,"1,3-oxazolidine-2,4-dione","InChI=1S/C3H3NO3/c5-2-1-7-3(6)4-2/h1H2,(H,4,5,6)",,H10,5.84
C1610260,1-nitro-4-(nitromethyl)benzene,"InChI=1S/C7H6N2O4/c10-8(11)5-6-1-3-7(4-2-6)9(12)13/h1-4H,5H2",25.0,H14,5.89
C16699120,N-pyrimidin-2-ylbenzenesulfonamide,"InChI=1S/C10H9N3O2S/c14-16(15,9-5-2-1-3-6-9)13-10-11-7-4-8-12-10/h1-8H,(H,11,12,13)",20.0,H17,5.91
C15084158,"3-bromo-2-hydroxycyclohepta-2,4,6-trien-1-one","InChI=1S/C7H5BrO2/c8-5-3-1-2-4-6(9)7(5)10/h1-4H,(H,9,10)",25.0,H15,5.96
C6059105,2-[(4-methyl-2-nitrophenyl)diazenyl]propanedinitrile,"InChI=1S/C10H7N5O2/c1-7-2-3-9(10(4-7)15(16)17)14-13-8(5-11)6-12/h2-4,8H,1H3",25.0,H24,6.0
C97477811,"3-(5-chloro-1,3-benzoxazol-2-yl)-7-hydroxy-2-oxochromene-4-carbonitrile","InChI=1S/C17H7ClN2O4/c18-8-1-4-13-12(5-8)20-16(23-13)15-11(7-19)10-3-2-9(21)6-14(10)24-17(15)22/h1-6,21H",22.0,H31,6.0
C76076352,quinoline-3-thiol,"InChI=1S/C9H7NS/c11-8-5-7-3-1-2-4-9(7)10-6-8/h1-6,11H",20.0,H18,6.13
C882326,2-[(4-chlorophenyl)diazenyl]propanedinitrile,"InChI=1S/C9H5ClN4/c10-7-1-3-8(4-2-7)13-14-9(5-11)6-12/h1-4,9H",25.0,H19,6.15
C603725,"2lambda6-thia-3-azatricyclo[6.3.1.04,12]dodeca-1(11),4,6,8(12),9-pentaene 2,2-dioxide","InChI=1S/C10H7NO2S/c12-14(13)9-6-2-4-7-3-1-5-8(11-14)10(7)9/h1-6,11H",25.0,H15,6.2
C515673,4-amino-N-[4-(dimethylsulfamoyl)phenyl]benzenesulfonamide,"InChI=1S/C14H17N3O4S2/c1-17(2)23(20,21)14-9-5-12(6-10-14)16-22(18,19)13-7-3-11(15)4-8-13/h3-10,16H,15H2,1-2H3",25.0,H26,6.23
C15084169,"3-bromo-2-hydroxy-6-propan-2-ylcyclohepta-2,4,6-trien-1-one","InChI=1S/C10H11BrO2/c1-6(2)7-3-4-8(11)10(13)9(12)5-7/h3-6H,1-2H3,(H,12,13)",25.0,H24,6.28
C14832598,N-phenyl-2H-tetrazol-5-amine,"InChI=1S/C7H7N5/c1-2-4-6(5-3-1)8-7-9-11-12-10-7/h1-5H,(H2,8,9,10,11,12)",25.0,H19,6.3
C118090087,"3H-1,3-benzoxazole-2-thione","InChI=1S/C7H5NOS/c10-7-8-5-3-1-2-4-6(5)9-7/h1-4H,(H,8,10)",25.0,H11,6.33
C7693529,4-bromo-2-nitrophenol,"InChI=1S/C6H4BrNO3/c7-4-1-2-6(9)5(3-4)8(10)11/h1-3,9H",25.0,H15,6.36
C93079573,"3-(1,3-benzothiazol-2-yl)-7-hydroxy-2-oxochromene-4-carbonitrile","InChI=1S/C17H8N2O3S/c18-8-11-10-6-5-9(20)7-13(10)22-17(21)15(11)16-19-12-3-1-2-4-14(12)23-16/h1-7,20H",22.0,H31,6.38
C15570124,3-methoxybenzenethiol,"InChI=1S/C7H8OS/c1-8-6-3-2-4-7(9)5-6/h2-5,9H,1H3",25.0,H17,6.39
C89295614,"5,5-diethyl-1,3-thiazolidine-2,4-dione","InChI=1S/C7H11NO2S/c1-3-7(4-2)5(9)8-6(10)11-7/h3-4H2,1-2H3,(H,8,9,10)",20.0,H22,6.42
C3182750,N-butylnitramide,"InChI=1S/C4H10N2O2/c1-2-3-4-5-6(7)8/h5H,2-4H2,1H3",25.0,H18,6.48
C17103514,"4-amino-N-(1,3-oxazol-2-yl)benzenesulfonamide","InChI=1S/C9H9N3O3S/c10-7-1-3-8(4-2-7)16(13,14)12-9-11-5-6-15-9/h1-6H,10H2,(H,11,12)",,H19,6.5
C17103489,4-amino-N-pyrimidin-5-ylbenzenesulfonamide,"InChI=1S/C10H10N4O2S/c11-8-1-3-10(4-2-8)17(15,16)14-9-5-12-7-13-6-9/h1-7,14H,11H2",,H18,6.62
C23045321,9-aminoacridin-3-ol,"InChI=1S/C13H10N2O/c14-13-9-3-1-2-4-11(9)15-12-7-8(16)5-6-10(12)13/h1-7,16H,(H2,14,15)",20.0,H26,6.63
C885825,2-nitro-4-phenylphenol,"InChI=1S/C12H9NO3/c14-12-7-6-10(8-11(12)13(15)16)9-4-2-1-3-5-9/h1-8,14H",25.0,H25,6.73
C5471692,"2-[(2,5-dimethylphenyl)diazenyl]propanedinitrile","InChI=1S/C11H10N4/c1-8-3-4-9(2)11(5-8)15-14-10(6-12)7-13/h3-5,10H,1-2H3",25.0,H25,6.75
C13442052,N-quinolin-4-ylhydroxylamine,"InChI=1S/C9H8N2O/c12-11-9-5-6-10-8-4-2-1-3-7(8)9/h1-6,12H,(H,10,11)",25.0,H20,6.76
C3251567,2-methoxy-4-nitrophenol,"InChI=1S/C7H7NO4/c1-12-7-4-5(8(10)11)2-3-6(7)9/h2-4,9H,1H3",25.0,H19,6.83
C2036137,7H-purine-6-carbonitrile,"InChI=1S/C6H3N5/c7-1-4-5-6(10-2-8-4)11-3-9-5/h2-3H,(H,8,9,10,11)",,H12,6.88
C80375,N-(3-nitrophenyl)benzenesulfonamide,"InChI=1S/C12H10N2O4S/c15-14(16)11-6-4-5-10(9-11)13-19(17,18)12-7-2-1-3-8-12/h1-9,13H",22.0,H20,6.91
C10452785,"2,6-ditert-butyl-4-nitrophenol","InChI=1S/C14H21NO3/c1-13(2,3)10-7-9(15(17)18)8-11(12(10)16)14(4,5)6/h7-8,16H,1-6H3",25.0,H39,6.92
C58851993,"3-(1,3-benzothiazol-2-yl)-7-hydroxychromen-2-one","InChI=1S/C16H9NO3S/c18-10-6-5-9-7-11(16(19)20-13(9)8-10)15-17-12-3-1-2-4-14(12)21-15/h1-8,18H",22.0,H30,7.02
C23045332,9-aminoacridin-4-ol,"InChI=1S/C13H10N2O/c14-12-8-4-1-2-6-10(8)15-13-9(12)5-3-7-11(13)16/h1-7,16H,(H2,14,15)",20.0,H26,7.05
C515593,"4-amino-N-(4-methyl-1,3-thiazol-2-yl)benzenesulfonamide","InChI=1S/C10H11N3O2S2/c1-7-6-16-10(12-7)13-17(14,15)9-4-2-8(11)3-5-9/h2-6H,11H2,1H3,(H,12,13)",20.0,H18,7.12
C100027,4-nitrophenol,"InChI=1S/C6H5NO3/c8-6-3-1-5(2-4-6)7(9)10/h1-4,8H",23.0,H15,7.13
C24067172,(4-nitrophenyl)boronic acid,"InChI=1S/C6H6BNO4/c9-7(10)5-1-3-6(4-2-5)8(11)12/h1-4,9-10H",25.0,H17,7.15
C2423714,"2,6-dimethyl-4-nitrophenol","InChI=1S/C8H9NO3/c1-5-3-7(9(11)12)4-6(2)8(5)10/h3-4,10H,1-2H3",25.0,H21,7.22
C13331276,(3-nitrophenyl)boronic acid,"InChI=1S/C6H6BNO4/c9-7(10)5-2-1-3-6(4-5)8(11)12/h1-4,9-10H",25.0,H17,7.3
C269727108,(2-formylphenyl)boronic acid,"InChI=1S/C7H7BO3/c9-5-6-3-1-2-4-7(6)8(10)11/h1-5,10-11H",25.0,H17,7.31
C2268113,6-(trifluoromethyl)-7H-purine,"InChI=1S/C6H3F3N4/c7-6(8,9)4-3-5(12-1-10-3)13-2-11-4/h1-2H,(H,10,11,12,13)",,H14,7.35
C6665867,7-hydroxy-2-phenylchromen-4-one,"InChI=1S/C15H10O3/c16-11-6-7-12-13(17)9-14(18-15(12)8-11)10-4-2-1-3-5-10/h1-9,16H",23.0,H28,7.39
C635938,5-chloro-2-hydroxybenzaldehyde,"InChI=1S/C7H5ClO2/c8-6-1-2-7(10)5(3-6)4-9/h1-4,10H",25.0,H15,7.4
C57681,"4-amino-N-(4,6-dimethylpyrimidin-2-yl)benzenesulfonamide","InChI=1S/C12H14N4O2S/c1-8-7-9(2)15-12(14-8)16-19(17,18)11-5-3-10(13)4-6-11/h3-7H,13H2,1-2H3,(H,14,15,16)",24.0,H20,7.44
C6958787,O-ethyl N-benzoylcarbamothioate,"InChI=1S/C10H11NO2S/c1-2-13-10(14)11-9(12)8-6-4-3-5-7-8/h3-7H,2H2,1H3,(H,11,12,14)",20.0,H21,7.46
C74537625,9-methyl-7H-purine-8-thione,"InChI=1S/C6H6N4S/c1-10-5-4(9-6(10)11)2-7-3-8-5/h2-3H,1H3,(H,9,11)",,H12,7.48
C609223,"2,4-dibromo-6-methylphenol","InChI=1S/C7H6Br2O/c1-4-2-5(8)3-6(9)7(4)10/h2-3,10H,1H3",25.0,H16,7.6
C163136694,"3-methyl-4H-pyrido[4,3-e][1,2,4]thiadiazine 1,1-dioxide","InChI=1S/C7H7N3O2S/c1-5-9-6-2-3-8-4-7(6)13(11,12)10-5/h2-4H,1H3,(H,9,10)",25.0,H14,7.6
C91753332,"6,7-dihydroxychromen-2-one","InChI=1S/C9H6O4/c10-6-3-5-1-2-9(12)13-8(5)4-7(6)11/h1-4,10-11H",20.0,H19,7.63
C70661868,"3-methyl-4H-pyrido[2,3-e][1,2,4]thiadiazine 1,1-dioxide","InChI=1S/C7H7N3O2S/c1-5-9-7-6(3-2-4-8-7)13(11,12)10-5/h2-4H,1H3,(H,8,9,10)",25.0,H14,7.64
C20513251,"5,5-dimethylimidazolidine-2,4-dithione","InChI=1S/C5H8N2S2/c1-5(2)3(8)6-4(9)7-5/h1-2H3,(H2,6,7,8,9)",,H17,7.65
C33426538,8-methylsulfanyl-7H-purine,"InChI=1S/C6H6N4S/c1-11-6-9-4-2-7-3-8-5(4)10-6/h2-3H,1H3,(H,7,8,9,10)",20.0,H12,7.67
C38397078,6-nitronaphthalen-2-ol,"InChI=1S/C10H7NO3/c12-10-4-2-7-5-9(11(13)14)3-1-8(7)6-10/h1-6,12H",25.0,H21,7.69
C6953613,N-hydroxynaphthalene-1-carboxamide,"InChI=1S/C11H9NO2/c13-11(12-14)10-7-3-5-8-4-1-2-6-9(8)10/h1-7,14H,(H,12,13)",20.0,H23,7.7
C80348669,"1,2-oxazol-4-ol","InChI=1S/C3H3NO2/c5-3-1-4-6-2-3/h1-2,5H",,H9,7.75
C615587,"2,4-dibromophenol","InChI=1S/C6H4Br2O/c7-4-1-2-6(9)5(8)3-4/h1-3,9H",25.0,H13,7.77
C6468968,7-hydroxy-3-phenylchromen-2-one,"InChI=1S/C15H10O3/c16-12-7-6-11-8-13(10-4-2-1-3-5-10)15(17)18-14(11)9-12/h1-9,16H",22.0,H28,7.8
C4427229,N-hydroxypyridine-4-carboxamide,"InChI=1S/C6H6N2O2/c9-6(8-10)5-1-3-7-4-2-5/h1-4,10H,(H,8,9)",20.0,H16,7.82
C5978347,2-(benzylamino)ethanethiol,"InChI=1S/C9H13NS/c11-7-6-10-8-9-4-2-1-3-5-9/h1-5,10-11H,6-8H2",25.0,H24,7.86
C769799,4-hydroxybenzonitrile,"InChI=1S/C7H5NO/c8-5-6-1-3-7(9)4-2-6/h1-4,9H",25.0,H14,7.89
C7467916,quinoxalin-6-ol,"InChI=1S/C8H6N2O/c11-6-1-2-7-8(5-6)10-4-3-9-7/h1-5,11H",20.0,H17,7.92
C7454479,4-chloro-N-phenylbenzenesulfonamide,"InChI=1S/C12H10ClNO2S/c13-10-6-8-12(9-7-10)17(15,16)14-11-4-2-1-3-5-11/h1-9,14H",20.0,H18,7.98
C14452347,"2,4-dimethyl-6-nitrophenol","InChI=1S/C8H9NO3/c1-5-3-6(2)8(10)7(4-5)9(11)12/h3-4,10H,1-2H3",25.0,H21,7.98
C71288965,5-(aminomethyl)-2-fluorophenol,"InChI=1S/C7H8FNO/c8-6-2-1-5(4-9)3-7(6)10/h1-3,10H,4,9H2",25.0,H18,8.0
C6089663,6-ethyl-7-hydroxy-4-methylchromen-2-one,"InChI=1S/C12H12O3/c1-3-8-5-9-7(2)4-12(14)15-11(9)6-10(8)13/h4-6,13H,3H2,1-2H3",25.0,H27,8.01
C85870,4-(aminomethyl)-5-(hydroxymethyl)-2-methylpyridin-3-ol,"InChI=1S/C8H12N2O2/c1-5-8(12)7(2-9)6(4-11)3-10-5/h3,11-12H,2,4,9H2,1H3",24.0,H23,8.02
C2446506,N-hydroxy-N-methylbenzamide,"InChI=1S/C8H9NO2/c1-9(11)8(10)7-5-3-2-4-6-7/h2-6,11H,1H3",25.0,H20,8.07
C4776141,8-phenyl-7H-purine,"InChI=1S/C11H8N4/c1-2-4-8(5-3-1)10-14-9-6-12-7-13-11(9)15-10/h1-7H,(H,12,13,14,15)",20.0,H16,8.09
C79152,N-bromoacetamide,"InChI=1S/C2H4BrNO/c1-2(5)4-3/h1H3,(H,4,5)",21.0,H9,8.1
C52515761,"7-hydroxy-6-(1,4,4-trimethylcyclohex-2-en-1-yl)chromen-2-one","InChI=1S/C18H20O3/c1-17(2)6-8-18(3,9-7-17)13-10-12-4-5-16(20)21-15(12)11-14(13)19/h4-6,8,10-11,19H,7,9H2,1-3H3",20.0,H40,8.12
C13704502,4-chloro-2-(piperidin-1-ylmethyl)phenol,"InChI=1S/C12H16ClNO/c13-11-4-5-12(15)10(8-11)9-14-6-2-1-3-7-14/h4-5,8,15H,1-3,6-7,9H2",25.0,H31,8.14
C70027439,"ethyl N-(5-phenyl-1,3,4-thiadiazol-2-yl)carbamate","InChI=1S/C11H11N3O2S/c1-2-16-11(15)12-10-14-13-9(17-10)8-6-4-3-5-7-8/h3-7H,2H2,1H3,(H,12,14,15)",,H23,8.2
C79100699,4-benzylsulfanyl-2H-triazole,"InChI=1S/C9H9N3S/c1-2-4-8(5-3-1)7-13-9-6-10-12-11-9/h1-6H,7H2,(H,10,11,12)",23.0,H22,8.2
C139097737,"4-hydroxy-N,N-bis(2-hydroxyethyl)-3,5-dimethylbenzenesulfonamide","InChI=1S/C12H19NO5S/c1-9-7-11(8-10(2)12(9)16)19(17,18)13(3-5-14)4-6-15/h7-8,14-16H,3-6H2,1-2H3",25.0,H38,8.25
C5344978,"3,5-dimethyl-4-nitrophenol","InChI=1S/C8H9NO3/c1-5-3-7(10)4-6(2)8(5)9(11)12/h3-4,10H,1-2H3",25.0,H21,8.25
C18362306,2-chloro-6-hydroxybenzaldehyde,"InChI=1S/C7H5ClO2/c8-6-2-1-3-7(10)5(6)4-9/h1-4,10H",25.0,H15,8.26
C4198907,"4-hydroxy-3,5-dimethylbenzonitrile","InChI=1S/C9H9NO/c1-6-3-8(5-10)4-7(2)9(6)11/h3-4,11H,1-2H3",25.0,H20,8.27
C85403594,propyl 4-hydroxybenzoate,"InChI=1S/C10H12O3/c1-2-7-13-10(12)8-3-5-9(11)6-4-8/h3-6,11H,2,7H2,1H3",20.0,H25,8.3
C17056961,4-methylcinnolin-8-ol,"InChI=1S/C9H8N2O/c1-6-5-10-11-9-7(6)3-2-4-8(9)12/h2-5,12H,1H3",20.0,H20,8.34
C27761484,2-hydroxybenzaldehyde,"InChI=1S/C7H6O2/c8-5-6-3-1-2-4-7(6)9/h1-5,9H",25.0,H15,8.36
C27556510,2H-benzotriazole,"InChI=1S/C6H5N3/c1-2-4-6-5(3-1)7-9-8-6/h1-4H,(H,7,8,9)",22.0,H14,8.39
C37790286,4-phenyldiazenylphenol,"InChI=1S/C12H10N2O/c15-12-8-6-11(7-9-12)14-13-10-4-2-1-3-5-10/h1-9,15H",25.0,H25,8.44
C68348,4-methyl-N-phenylbenzenesulfonamide,"InChI=1S/C13H13NO2S/c1-11-7-9-13(10-8-11)17(15,16)14-12-5-3-2-4-6-12/h2-10,14H,1H3",20.0,H18,8.46
C2216935,"5-ethyl-5-phenylimidazolidine-2,4-dione","InChI=1S/C11H12N2O2/c1-2-11(8-6-4-3-5-7-8)9(14)12-10(15)13-11/h3-7H,2H2,1H3,(H2,12,13,14,15)",,H19,8.5
C95772,"3,4-dichlorophenol","InChI=1S/C6H4Cl2O/c7-5-2-1-4(9)3-6(5)8/h1-3,9H",25.0,H13,8.58
C6311655,N-(4-methylphenyl)benzenesulfonamide,"InChI=1S/C13H13NO2S/c1-11-7-9-12(10-8-11)14-17(15,16)13-5-3-2-4-6-13/h2-10,14H,1H3",23.0,H18,8.63
C604444,4-chloronaphthalen-1-ol,"InChI=1S/C10H7ClO/c11-9-5-6-10(12)8-4-2-1-3-7(8)9/h1-6,12H",25.0,H19,8.64
C1146414,4-methoxy-N-phenylbenzenesulfonamide,"InChI=1S/C13H13NO3S/c1-17-12-7-9-13(10-8-12)18(15,16)14-11-5-3-2-4-6-11/h2-10,14H,1H3",20.0,H19,8.66
C89407,"5-nitroisoindole-1,3-dione","InChI=1S/C8H4N2O4/c11-7-5-2-1-4(10(13)14)3-6(5)8(12)9-7/h1-3H,(H,9,11,12)",25.0,H17,8.68
C481130,"5-hydroxynaphthalene-1,4-dione","InChI=1S/C10H6O3/c11-7-4-5-9(13)10-6(7)2-1-3-8(10)12/h1-5,12H",,H19,8.7
C131060076,N-[(1-ethylpyrrolidin-2-yl)methyl]-2-hydroxy-6-methoxybenzamide,"InChI=1S/C15H22N2O3/c1-3-17-9-5-6-11(17)10-16-15(19)14-12(18)7-4-8-13(14)20-2/h4,7-8,11,18H,3,5-6,9-10H2,1-2H3,(H,16,19)",25.0,H39,8.7
C87649,2-chloro-6-methylphenol,"InChI=1S/C7H7ClO/c1-5-3-2-4-6(8)7(5)9/h2-4,9H,1H3",25.0,H16,8.7
C122231612,N-hydroxybenzamide,"InChI=1S/C7H7NO2/c9-7(8-10)6-4-2-1-3-5-6/h1-5,10H,(H,8,9)",22.0,H17,8.71
C98806,phenylboronic acid,"InChI=1S/C6H7BO2/c8-7(9)6-4-2-1-3-5-6/h1-5,8-9H",24.0,H15,8.74
C7405234,"1,3-benzothiazol-4-ol","InChI=1S/C7H5NOS/c9-5-2-1-3-6-7(5)8-4-10-6/h1-4,9H",27.0,H15,8.77
C17056994,quinoxalin-5-ol,"InChI=1S/C8H6N2O/c11-7-3-1-2-6-8(7)10-5-4-9-6/h1-5,11H",19.0,H17,8.8
C367124,2-fluorophenol,"InChI=1S/C6H5FO/c7-5-3-1-2-4-6(5)8/h1-4,8H",25.0,H13,8.81
C103877,4-[(dimethylamino)methyl]phenol,"InChI=1S/C9H13NO/c1-10(2)7-8-3-5-9(11)6-4-8/h3-6,11H,7H2,1-2H3",25.0,H24,8.83
C2993206,6-(trifluoromethyl)-7H-purin-2-amine,"InChI=1S/C6H4F3N5/c7-6(8,9)3-2-4(12-1-11-2)14-5(10)13-3/h1H,(H3,10,11,12,13,14)",,H15,8.87
C2446517,N-methoxybenzamide,"InChI=1S/C8H9NO2/c1-11-9-8(10)7-5-3-2-4-6-7/h2-6H,1H3,(H,9,10)",25.0,H17,8.89
C78564542,N-methyl-7H-purine-6-carboxamide,"InChI=1S/C7H7N5O/c1-8-7(13)5-4-6(11-2-9-4)12-3-10-5/h2-3H,1H3,(H,8,13)(H,9,10,11,12)",,H14,8.9
C77456532,8-(2-methoxy-4-methylsulfinylphenyl)-7H-purine,"InChI=1S/C13H12N4O2S/c1-19-11-5-8(20(2)18)3-4-9(11)12-16-10-6-14-7-15-13(10)17-12/h3-7H,1-2H3,(H,14,15,16,17)",25.0,H21,8.91
C7385877,8-bromonaphthalen-2-ol,"InChI=1S/C10H7BrO/c11-10-3-1-2-7-4-5-8(12)6-9(7)10/h1-6,12H",20.0,H19,8.94
C58560,"4,5-bis(hydroxymethyl)-2-methylpyridin-3-ol","InChI=1S/C8H11NO3/c1-5-8(12)7(4-11)6(3-10)2-9-5/h2,10-12H,3-4H2,1H3",26.0,H21,8.98
C17260718,3-chlorobenzenesulfonamide,"InChI=1S/C6H6ClNO2S/c7-5-2-1-3-6(4-5)11(8,9)10/h1-4H,(H2,8,9,10)",25.0,H16,9.04
C6665834,6-hydroxy-2-phenylchromen-4-one,"InChI=1S/C15H10O3/c16-11-6-7-14-12(8-11)13(17)9-15(18-14)10-4-2-1-3-5-10/h1-9,16H",23.0,H28,9.09
C4463427,benzylboronic acid,"InChI=1S/C7H9BO2/c9-8(10)6-7-4-2-1-3-5-7/h1-5,9-10H,6H2",25.0,H18,9.12
C53059306,4-(3-nitrophenyl)phenol,"InChI=1S/C12H9NO3/c14-12-6-4-9(5-7-12)10-2-1-3-11(8-10)13(15)16/h1-8,14H",26.0,H25,9.14
C89415430,(4-aminophenyl)boronic acid,"InChI=1S/C6H8BNO2/c8-6-3-1-5(2-4-6)7(9)10/h1-4,9-10H,8H2",25.0,H17,9.17
C2039669,2-(2-aminoethyl)phenol,"InChI=1S/C8H11NO/c9-6-5-7-3-1-2-4-8(7)10/h1-4,10H,5-6,9H2",25.0,H21,9.19
C37432205,2-methoxy-7H-purine,"InChI=1S/C6H6N4O/c1-11-6-7-2-4-5(10-6)9-3-8-4/h2-3H,1H3,(H,7,8,9,10)",20.0,H12,9.2
C571608,"naphthalene-1,4-diol","InChI=1S/C10H8O2/c11-9-5-6-10(12)8-4-2-1-3-7(8)9/h1-6,11-12H",23.0,H19,9.25
C588056,3-(2-aminoethyl)phenol,"InChI=1S/C8H11NO/c9-5-4-7-2-1-3-8(10)6-7/h1-3,6,10H,4-5,9H2",25.0,H21,9.27
C77678,"3-ethyl-3-methylpyrrolidine-2,5-dione","InChI=1S/C7H11NO2/c1-3-7(2)4-5(9)8-6(7)10/h3-4H2,1-2H3,(H,8,9,10)",25.0,H18,9.34
C20296097,7H-purin-8-amine,"InChI=1S/C5H5N5/c6-5-9-3-1-7-2-8-4(3)10-5/h1-2H,(H3,6,7,8,9,10)",20.0,H11,9.36
C59507,4-chloro-3-methylphenol,"InChI=1S/C7H7ClO/c1-5-4-6(9)2-3-7(5)8/h2-4,9H,1H3",20.0,H16,9.4
C5374129,phenylmethanethiol,"InChI=1S/C7H8S/c8-6-7-4-2-1-3-5-7/h1-5,8H,6H2",25.0,H16,9.43
C3463034,3-methylsulfanylphenol,"InChI=1S/C7H8OS/c1-9-7-4-2-3-6(8)5-7/h2-5,8H,1H3",25.0,H17,9.47
C7147902,"5-chloroisoindole-1,3-dione","InChI=1S/C8H4ClNO2/c9-4-1-2-5-6(3-4)8(12)10-7(5)11/h1-3H,(H,10,11,12)",25.0,H15,9.48
C103902,N-(4-hydroxyphenyl)acetamide,"InChI=1S/C8H9NO2/c1-6(10)9-7-2-4-8(11)5-3-7/h2-5,11H,1H3,(H,9,10)",20.0,H20,9.5
C584430,"pyrrolidine-2,5-dione","InChI=1S/C4H5NO2/c6-3-1-2-4(7)5-3/h1-2H2,(H,5,6,7)",25.0,H12,9.59
C5111660,6-methoxynaphthalen-2-ol,"InChI=1S/C11H10O2/c1-13-11-5-3-8-6-10(12)4-2-9(8)7-11/h2-7,12H,1H3",25.0,H23,9.64
C89466068,(4-amino-2-nitrophenyl)boronic acid,"InChI=1S/C6H7BN2O4/c8-4-1-2-5(7(10)11)6(3-4)9(12)13/h1-3,10-11H,8H2",25.0,H19,9.64
C84452982,"2,2-difluoroacetohydrazide","InChI=1S/C2H4F2N2O/c3-1(4)2(7)6-5/h1H,5H2,(H,6,7)",25.0,H9,9.66
C3566618,"3,3,4,4-tetramethylpyrrolidine-2,5-dione","InChI=1S/C8H13NO2/c1-7(2)5(10)9-6(11)8(7,3)4/h1-4H3,(H,9,10,11)",20.0,H24,9.7
C487934,3-[2-(dimethylamino)ethyl]-1H-indol-5-ol,"InChI=1S/C12H16N2O/c1-14(2)6-5-9-8-13-12-4-3-10(15)7-11(9)12/h3-4,7-8,13,15H,5-6H2,1-2H3",21.0,H31,9.73
C70460183,2-(3-hydroxyphenyl)chromen-4-one,"InChI=1S/C15H10O3/c16-11-5-3-4-10(8-11)15-9-13(17)12-6-1-2-7-14(12)18-15/h1-9,16H",23.0,H28,9.75
C2937602,"2,4-bis(hydroxymethyl)phenol","InChI=1S/C8H10O3/c9-4-6-1-2-8(11)7(3-6)5-10/h1-3,9-11H,4-5H2",25.0,H19,9.77
C124603618,2-benzylsulfinyl-1H-imidazole,"InChI=1S/C10H10N2OS/c13-14(10-11-6-7-12-10)8-9-4-2-1-3-5-9/h1-7H,8H2,(H,11,12)",23.0,H19,9.8
C6244775,4-nitro-N-phenylbenzenecarbothioamide,"InChI=1S/C13H10N2O2S/c16-15(17)12-8-6-10(7-9-12)13(18)14-11-4-2-1-3-5-11/h1-9H,(H,14,18)",20.0,H21,9.81
C154286358,3-(dimethylamino)phenol,"InChI=1S/C8H11NO/c1-9(2)7-4-3-5-8(10)6-7/h3-6,10H,1-2H3",25.0,H21,9.85
C10319774,N-(4-nitrophenyl)ethanethioamide,"InChI=1S/C8H8N2O2S/c1-6(13)9-7-2-4-8(5-3-7)10(11)12/h2-5H,1H3,(H,9,13)",20.0,H18,9.89
C613149,anthracen-2-ol,"InChI=1S/C14H10O/c15-14-6-5-12-7-10-3-1-2-4-11(10)8-13(12)9-14/h1-9,15H",25.0,H25,9.92
C91043,"2,6-bis(hydroxymethyl)-4-methylphenol","InChI=1S/C9H12O3/c1-6-2-7(4-10)9(12)8(3-6)5-11/h2-3,10-12H,4-5H2,1H3",25.0,H22,9.92
C127351115,3-bromo-N-(4-bromophenyl)benzenecarbothioamide,"InChI=1S/C13H9Br2NS/c14-10-4-6-12(7-5-10)16-13(17)9-2-1-3-11(15)8-9/h1-8H,(H,16,17)",,H18,9.96
C61676,"5-(hydroxymethyl)-2,4-dimethylpyridin-3-ol","InChI=1S/C8H11NO2/c1-5-7(4-10)3-9-6(2)8(5)11/h3,10-11H,4H2,1-2H3",17.0,H21,9.98
C3144476,7-hydroxybenzo[7]annulen-6-one,"InChI=1S/C11H8O2/c12-10-6-5-8-3-1-2-4-9(8)7-11(10)13/h1-7H,(H,12,13)",25.0,H21,10.0
C28128305,2-methoxy-7H-purin-6-amine,"InChI=1S/C6H7N5O/c1-12-6-10-4(7)3-5(11-6)9-2-8-3/h2H,1H3,(H3,7,8,9,10,11)",,H13,10.0
C34420172,2-phenylethylboronic acid,"InChI=1S/C8H11BO2/c10-9(11)7-6-8-4-2-1-3-5-8/h1-5,10-11H,6-7H2",,H21,10.0
C27289334,3-methylphenol,"InChI=1S/C7H8O/c1-6-3-2-4-7(8)5-6/h2-5,8H,1H3",22.0,H16,10.01
C26074384,N-(2-chlorophenyl)methanethioamide,"InChI=1S/C7H6ClNS/c8-6-3-1-2-4-7(6)9-5-10/h1-5H,(H,9,10)",20.0,H15,10.03
C826813,2-methylquinolin-8-ol,"InChI=1S/C10H9NO/c1-7-5-6-8-3-2-4-9(12)10(8)11-7/h2-6,12H,1H3",23.0,H21,10.08
C698715,3-ethyl-5-methylphenol,"InChI=1S/C9H12O/c1-3-8-4-7(2)5-9(10)6-8/h4-6,10H,3H2,1-2H3",25.0,H22,10.1
C108689,"3,5-dimethylphenol","InChI=1S/C8H10O/c1-6-3-7(2)5-8(9)4-6/h3-5,9H,1-2H3",22.0,H19,10.13
C127351057,"N-(3,4-dichlorophenyl)-4-methylbenzenecarbothioamide","InChI=1S/C14H11Cl2NS/c1-9-2-4-10(5-3-9)14(18)17-11-6-7-12(15)13(16)8-11/h2-8H,1H3,(H,17,18)",,H21,10.18
C1641414,"2,3-dihydro-1H-inden-4-ol","InChI=1S/C9H10O/c10-9-6-2-4-7-3-1-5-8(7)9/h2,4,6,10H,1,3,5H2",25.0,H20,10.2
C7343353,"3,5-diethyl-1H-1,2,4-triazole","InChI=1S/C6H11N3/c1-3-5-7-6(4-2)9-8-5/h3-4H2,1-2H3,(H,7,8,9)",25.0,H14,10.22
C122941,4-butoxyphenol,"InChI=1S/C10H14O2/c1-2-3-8-12-10-6-4-9(11)5-7-10/h4-7,11H,2-3,8H2,1H3",25.0,H26,10.23
C622628,4-ethoxyphenol,"InChI=1S/C8H10O2/c1-2-10-8-5-3-7(9)4-6-8/h3-6,9H,2H2,1H3",25.0,H20,10.23
C14531556,"3,5-dimethyl-4-nitro-1H-pyrazole","InChI=1S/C5H7N3O2/c1-3-5(8(9)10)4(2)7-6-3/h1-2H3,(H,6,7)",25.0,H11,10.27
C914296278,"2-phenyl-3H-imidazo[4,5-c]pyridine","InChI=1S/C12H9N3/c1-2-4-9(5-3-1)12-14-10-6-7-13-8-11(10)15-12/h1-8H,(H,14,15)",25.0,H16,10.3
C90045286,methyl 2-hydroxybenzoate,"InChI=1S/C8H8O3/c1-11-8(10)6-4-2-3-5-7(6)9/h2-5,9H,1H3",24.0,H16,10.3
C95658,"3,4-dimethylphenol","InChI=1S/C8H10O/c1-6-3-4-8(9)5-7(6)2/h3-5,9H,1-2H3",21.0,H19,10.32
C56768479,N-benzyl-4-cyanobenzenesulfonamide,"InChI=1S/C14H12N2O2S/c15-10-12-6-8-14(9-7-12)19(17,18)16-11-13-4-2-1-3-5-13/h1-9,16H,11H2",25.0,H22,10.35
C3594885,2-(2-methoxyphenyl)phenol,"InChI=1S/C13H12O2/c1-15-13-9-5-3-7-11(13)10-6-2-4-8-12(10)14/h2-9,14H,1H3",20.0,H24,10.4
C103162,4-phenylmethoxyphenol,"InChI=1S/C13H12O2/c14-12-6-8-13(9-7-12)15-10-11-4-2-1-3-5-11/h1-9,14H,10H2",25.0,H27,10.47
C22440820,"2,6-diaminophenol","InChI=1S/C6H8N2O/c7-4-2-1-3-5(8)6(4)9/h1-3,9H,7-8H2",20.0,H17,10.5
C854706733,3-(aminomethyl)-2-methoxyphenol,"InChI=1S/C8H11NO2/c1-11-8-6(5-9)3-2-4-7(8)10/h2-4,10H,5,9H2,1H3",25.0,H22,10.54
C496786,"2,4,5-trimethylphenol","InChI=1S/C9H12O/c1-6-4-8(3)9(10)5-7(6)2/h4-5,10H,1-3H3",25.0,H22,10.55
C5919266,2-nitro-1H-pyrrole,"InChI=1S/C4H4N2O2/c7-6(8)4-2-1-3-5-4/h1-3,5H",,H12,10.6
C91967918,2-ethyl-5-propan-2-ylphenol,"InChI=1S/C11H16O/c1-4-9-5-6-10(8(2)3)7-11(9)12/h5-8,12H,4H2,1-3H3",20.0,H28,10.61
C56577685,2-(4-chlorophenyl)-2-(4-nitrophenyl)acetonitrile,"InChI=1S/C14H9ClN2O2/c15-12-5-1-10(2-6-12)14(9-16)11-3-7-13(8-4-11)17(18)19/h1-8,14H",25.0,H20,10.7
C6244753,4-chloro-N-phenylbenzenecarbothioamide,"InChI=1S/C13H10ClNS/c14-11-8-6-10(7-9-11)13(16)15-12-4-2-1-3-5-12/h1-9H,(H,15,16)",,H17,10.76
C3144090,methanesulfonamide,"InChI=1S/CH5NO2S/c1-5(2,3)4/h1H3,(H2,2,3,4)",25.0,H9,10.8
C74926855,4-ethyl-2-propan-2-ylphenol,"InChI=1S/C11H16O/c1-4-9-5-6-11(12)10(7-9)8(2)3/h5-8,12H,4H2,1-3H3",20.0,H28,10.82
C20484315,2-(diethylaminomethyl)-4-methylphenol,"InChI=1S/C12H19NO/c1-4-13(5-2)9-11-8-10(3)6-7-12(11)14/h6-8,14H,4-5,9H2,1-3H3",25.0,H33,10.84
C3228044,2-methyl-6-propan-2-ylphenol,"InChI=1S/C10H14O/c1-7(2)9-6-4-5-8(3)10(9)11/h4-7,11H,1-3H3",20.0,H25,10.85
C636044,N-phenylbenzenecarbothioamide,"InChI=1S/C13H11NS/c15-13(11-7-3-1-4-8-11)14-12-9-5-2-6-10-12/h1-10H,(H,14,15)",20.0,H16,10.86
C170245155,"3H-imidazo[4,5-c]pyridine","InChI=1S/C6H5N3/c1-2-7-3-6-5(1)8-4-9-6/h1-4H,(H,8,9)",,H10,10.88
C10569718,"2,6-dimethyl-4-propan-2-ylphenol","InChI=1S/C11H16O/c1-7(2)10-5-8(3)11(12)9(4)6-10/h5-7,12H,1-4H3",20.0,H28,10.9
C127351046,N-(4-bromophenyl)-4-methoxybenzenecarbothioamide,"InChI=1S/C14H12BrNOS/c1-17-13-8-2-10(3-9-13)14(18)16-12-6-4-11(15)5-7-12/h2-9H,1H3,(H,16,18)",,H19,10.95
C120650,2-[(dimethylamino)methyl]phenol,"InChI=1S/C9H13NO/c1-10(2)7-8-5-3-4-6-9(8)11/h3-6,11H,7H2,1-2H3",25.0,H24,10.96
C127351080,3-bromo-N-(4-methoxyphenyl)benzenecarbothioamide,"InChI=1S/C14H12BrNOS/c1-17-13-7-5-12(6-8-13)16-14(18)10-3-2-4-11(15)9-10/h2-9H,1H3,(H,16,18)",,H19,10.99
C7684186,1-amino-2-methylpropane-2-thiol,"InChI=1S/C4H11NS/c1-4(2,6)3-5/h6H,3,5H2,1-2H3",22.0,H15,11.0
C95236956,4-chloro-N-(4-methylphenyl)benzenecarbothioamide,"InChI=1S/C14H12ClNS/c1-10-2-8-13(9-3-10)16-14(17)11-4-6-12(15)7-5-11/h2-9H,1H3,(H,16,17)",,H20,11.18
C13207664,5-aminoquinolin-8-ol,"InChI=1S/C9H8N2O/c10-7-3-4-8(12)9-6(7)2-1-5-11-9/h1-5,12H,10H2",20.0,H20,11.24
C95236945,4-chloro-N-(4-methoxyphenyl)benzenecarbothioamide,"InChI=1S/C14H12ClNOS/c1-17-13-8-6-12(7-9-13)16-14(18)10-2-4-11(15)5-3-10/h2-9H,1H3,(H,16,18)",,H19,11.26
C942325,5-methyl-2-phenyl-1H-pyrazol-3-one,"InChI=1S/C10H10N2O/c1-8-7-10(13)12(11-8)9-5-3-2-4-6-9/h2-7,13H,1H3",,H14,11.3
C5326807,"6-methyl-1H-pyrazolo[3,4-d]pyrimidin-4-amine","InChI=1S/C6H7N5/c1-3-9-5(7)4-2-8-11-6(4)10-3/h2H,1H3,(H3,7,8,9,10,11)",20.0,H13,11.3
C5310269,N-(4-methoxyphenyl)benzenecarbothioamide,"InChI=1S/C14H13NOS/c1-16-13-9-7-12(8-10-13)15-14(17)11-5-3-2-4-6-11/h2-10H,1H3,(H,15,17)",20.0,H18,11.36
C23562778,2-[(dimethylamino)methyl]-4-methoxyphenol,"InChI=1S/C10H15NO2/c1-11(2)7-8-6-9(13-3)4-5-10(8)12/h4-6,12H,7H2,1-3H3",25.0,H25,11.48
C3031730,hydroperoxymethane,"InChI=1S/CH4O2/c1-3-2/h2H,1H3",20.0,H7,11.5
C119059700,N-benzyl-4-methoxybenzenesulfonamide,"InChI=1S/C14H15NO3S/c1-18-13-7-9-14(10-8-13)19(16,17)15-11-12-5-3-2-4-6-12/h2-10,15H,11H2,1H3",25.0,H22,11.53
C637536,N-phenylethanethioamide,"InChI=1S/C8H9NS/c1-7(10)9-8-5-3-2-4-6-8/h2-6H,1H3,(H,9,10)",20.0,H13,11.56
C55252750,"5-hydroxy-2,2,6,6-tetramethylhept-4-en-3-one","InChI=1S/C11H20O2/c1-10(2,3)8(12)7-9(13)11(4,5)6/h7,12H,1-6H3",25.0,H33,11.77
C97317287,4-methoxy-N-(4-methylphenyl)benzenecarbothioamide,"InChI=1S/C15H15NOS/c1-11-3-7-13(8-4-11)16-15(18)12-5-9-14(17-2)10-6-12/h3-10H,1-2H3,(H,16,18)",,H19,11.81
C34535905,2-phenyl-1H-benzimidazole,"InChI=1S/C13H10N2/c1-2-6-10(7-3-1)13-14-11-8-4-5-9-12(11)15-13/h1-9H,(H,14,15)",25.0,H16,11.91
C19854934,(4-methoxyphenyl)-(1H-pyrazol-5-yl)methanone,"InChI=1S/C11H10N2O2/c1-15-9-4-2-8(3-5-9)11(14)10-6-7-12-13-10/h2-7H,1H3,(H,12,13)",,H21,12.09
C89267196,"1H-pyrrolo[2,3-b]pyridine","InChI=1S/C7H6N2/c1-2-6-3-5-9-7(6)8-4-1/h1-5H,(H,8,9)",26.0,H11,12.1
C14575623,3-methyl-2-phenyl-1H-pyrazol-5-one,"InChI=1S/C10H10N2O/c1-8-7-10(13)11-12(8)9-5-3-2-4-6-9/h2-7H,1H3,(H,11,13)",,H14,12.14
C3696239,(4-chlorophenyl)thiourea,"InChI=1S/C7H7ClN2S/c8-5-1-3-6(4-2-5)10-7(9)11/h1-4H,(H3,9,10,11)",25.0,H14,12.3
C2646302,(4-bromophenyl)thiourea,"InChI=1S/C7H7BrN2S/c8-5-1-3-6(4-2-5)10-7(9)11/h1-4H,(H3,9,10,11)",25.0,H14,12.35
C582605,"5,6-dimethyl-1H-benzimidazole","InChI=1S/C9H10N2/c1-6-3-8-9(4-7(6)2)11-5-10-8/h3-5H,1-2H3,(H,10,11)",20.0,H14,12.52
C128370,"2,6-ditert-butyl-4-methylphenol","InChI=1S/C15H24O/c1-10-8-11(14(2,3)4)13(16)12(9-10)15(5,6)7/h8-9,16H,1-7H3",25.0,H40,12.55
C80159,2-hydroperoxypropan-2-ylbenzene,"InChI=1S/C9H12O2/c1-9(2,11-10)8-6-4-3-5-7-8/h3-7,10H,1-2H3",25.0,H23,12.64
C19322715,pyridin-2-ylmethanediol,"InChI=1S/C6H7NO2/c8-6(9)5-3-1-2-4-7-5/h1-4,6,8-9H",20.0,H15,12.8
C105868539,pyridin-3-ylmethanediol,"InChI=1S/C6H7NO2/c8-6(9)5-2-1-3-7-4-5/h1-4,6,8-9H",20.0,H15,13.1
C116866638,"5,6,7,8-tetrahydro-1H-benzo[f]benzimidazole","InChI=1S/C11H12N2/c1-2-4-9-6-11-10(12-7-13-11)5-8(9)3-1/h5-7H,1-4H2,(H,12,13)",20.0,H24,13.33
C122992921,"7-methoxy-1-methyl-9H-pyrido[3,4-b]indole","InChI=1S/C13H12N2O/c1-8-13-11(5-6-14-8)10-4-3-9(16-2)7-12(10)15-13/h3-7,15H,1-2H3",24.0,H17,13.46
C271421,1H-indazole,"InChI=1S/C7H6N2/c1-2-4-7-6(3-1)5-8-9-7/h1-5H,(H,8,9)",25.0,H12,13.86
C3589739,"6-methoxy-1-methyl-4,9-dihydro-3H-pyrido[3,4-b]indole","InChI=1S/C13H14N2O/c1-8-13-10(5-6-14-8)11-7-9(16-2)3-4-12(11)15-13/h3-4,7,15H,5-6H2,1-2H3",25.0,H19,14.54
C3073776,5-nitropyrimidin-2-amine,"InChI=1S/C4H4N4O2/c5-4-6-1-3(2-7-4)8(9)10/h1-2H,(H2,5,6,7)",24.9,H13,14.7
C42845454,ethanol,"InChI=1S/C2H6O/c1-2-3/h3H,2H2,1H3",25.0,H9,15.54
C71318,propan-1-ol,"InChI=1S/C3H8O/c1-2-3-4/h4H,2-3H2,1H3",25.0,H12,15.97
C130190715,1-(4-nitrophenyl)ethenol,"InChI=1S/C8H7NO3/c1-6(10)7-2-4-8(5-3-7)9(11)12/h2-5,10H,1H2",25.0,H19,16.65
